,Start time,End time,H2Oflow1,O2flow1,N2flow1,UVC,N2flow2,ISOP1OH2OOHconc,Q1,Q2,H2Oflow2,O2flow2
0,2024-07-29 18:09:00,2024-07-29 18:33:09,500.0,200.0,5.5,1.0,16.0,4392460160.35345,6200.0,16000.0,0,70
1,2024-07-29 18:33:09,2024-07-29 18:43:09,1000.0,200.0,5.0,1.0,16.0,4197005764.1752768,6200.0,16000.0,0,70
2,2024-07-29 18:43:09,2024-07-29 18:53:11,2000.0,200.0,4.0,1.0,16.0,3994172031.930241,6200.0,16000.0,0,70
3,2024-07-29 18:53:11,2024-07-29 19:03:12,1500.0,200.0,4.5,1.0,16.0,3662455524.172004,6200.0,16000.0,0,70
4,2024-07-29 19:03:12,2024-07-29 19:13:13,1200.0,200.0,4.8,1.0,16.0,3852051574.556642,6200.0,16000.0,0,70
5,2024-07-29 19:13:13,2024-07-29 19:23:14,800.0,200.0,5.2,1.0,16.0,3854416495.687704,6200.0,16000.0,0,70
6,2024-07-29 19:23:14,2024-07-29 19:33:15,400.0,200.0,5.6,1.0,16.0,3861735498.798971,6200.0,16000.0,0,70
7,2024-07-29 19:33:15,2024-07-29 19:43:15,200.0,200.0,5.8,1.0,16.0,3729675768.967169,6200.0,16000.0,0,70
9,2024-07-29 20:04:34,2024-07-29 20:14:35,200.0,200.0,3.8,1.0,18.0,6188610471.37171,4200.0,18000.0,0,70
10,2024-07-29 20:14:35,2024-07-29 20:24:35,400.0,200.0,3.6,1.0,18.0,6693780832.76282,4200.0,18000.0,0,70
11,2024-07-29 20:24:35,2024-07-29 20:34:36,800.0,200.0,3.2,1.0,18.0,6234876166.574914,4200.0,18000.0,0,70
12,2024-07-29 20:34:36,2024-07-29 20:44:37,1600.0,200.0,2.4,1.0,18.0,6781578377.235658,4200.0,18000.0,0,70
13,2024-07-29 20:44:37,2024-07-29 20:54:37,2000.0,200.0,2.0,1.0,18.0,6113507065.435983,4200.0,18000.0,0,70
